,state,label,probability,ci_low,ci_high,mean_day
0,1,No Escalation / Ceasefire,0.2184,0.2104110287542239,0.22660524707325425,9.23609254624995
1,2,Limited Strike Exchange,0.2208,0.21277826626928853,0.22903616629829626,6.831433000916974
2,3,Conventional War <30 Days,0.035,0.031572750057802544,0.03878438154652033,18.927971587139794
3,4,Conventional War >30 Days,0.0067,0.005279610297613358,0.008499256412951111,55.28091304017109
4,5,Proxy Expansion (Lebanon/Yemen/Iraq),0.1541,0.14715646819104333,0.16130919164107554,43.15758851379949
5,6,Regional War,0.2239,0.21583653228147928,0.23217551940874334,105.1968270840835
6,7,Nuclear Signaling / Threshold,0.1112,0.10518683733953338,0.11751177076317784,32.91749768667669
7,8,Global Economic Contagion (No Direct War),0.0299,0.026738182107892392,0.033422866423703707,37.797649920943094
